,Word,Chi2,Frequency,PMI,Term freq (chi2),Term freq (freq),Term freq (pmi)
0,lonely,1,0.997575758,0.862944162,2228,2228,2228
1,friends,0.999365482,0.999393939,,3211,3211,
2,feel,0.998730964,1,,3918,3918,
3,alone,0.998096447,0.992727273,0.770939086,1805,1805,1805
4,one,0.997461929,0.995757576,,2378,2378,
5,even,0.996827411,0.993939394,,2169,2169,
6,people,0.996192893,0.996969697,,2730,2730,
7,make,0.995558376,0.992121212,,2021,2021,
8,years,0.994923858,0.98969697,,1694,1694,
9,feel like,0.99428934,0.989090909,,1680,1680,
10,like,0.993654822,0.998787879,,3598,3598,
11,loneliness,0.993020305,0.969090909,0.894670051,730,730,730
12,know,0.992385787,0.996363636,,2583,2583,
13,really,0.991751269,0.990909091,,2041,2041,
14,family,0.991116751,0.972121212,0.823604061,808,808,808
15,school,0.990482234,0.967272727,0.849619289,743,743,743
16,life,0.989847716,0.99030303,,2041,2041,
17,never,0.989213198,0.988484848,,1727,1727,
18,time,0.98857868,0.993333333,,2223,2223,
19,feel lonely,0.987944162,0.943030303,0.913071066,518,518,518
20,talk,0.987309645,0.995151515,,2587,2587,
21,try,0.986675127,0.987272727,,1648,1648,
22,always,0.986040609,0.984242424,,1310,1310,
23,want,0.985406091,0.998181818,,3029,3029,
24,social,0.984771574,0.966666667,,793,793,
25,get,0.984137056,0.994545455,,2500,2500,
26,since,0.983502538,0.970909091,,853,853,
27,live,0.98286802,0.98,,1032,1032,
28,much,0.982233503,0.984848485,,1377,1377,
29,home,0.981598985,0.946060606,0.821700508,569,569,569
30,make friends,0.980964467,0.926060606,0.907994924,412,412,412
31,hang,0.980329949,0.93030303,0.845812183,467,467,467
32,still,0.979695431,0.978787879,,1045,1045,
33,left,0.979060914,0.941212121,0.776015228,558,558,558
34,everyone,0.978426396,0.972727273,,939,939,
35,hard,0.977791878,0.964242424,,771,771,
36,every,0.97715736,0.967878788,,855,855,
37,care,0.976522843,0.977575758,,1035,1035,
38,close,0.975888325,0.94,0.75,561,561,561
39,nobody,0.975253807,0.920606061,0.844543147,422,422,422
40,depression,0.974619289,0.96,,725,725,
41,person,0.973984772,0.983636364,,1347,1347,
42,parents,0.973350254,0.902424242,0.895939086,335,335,335
43,feel alone,0.972715736,0.884848485,0.914974619,301,301,301
44,months,0.972081218,0.95030303,,646,646,
45,anymore,0.971446701,0.962424242,,761,761,
46,day,0.970812183,0.986060606,,1550,1550,
47,work,0.970177665,0.978181818,,1052,1052,
48,around,0.969543147,0.963030303,,782,782,
49,wish,0.968908629,0.963636364,,794,794,
50,last,0.968274112,0.961212121,,758,758,
51,group,0.967639594,0.925454545,0.777918782,450,450,450
52,felt,0.967005076,0.950909091,,662,662,
53,see,0.966370558,0.981212121,,1142,1142,
54,back,0.965736041,0.971515152,,952,952,
55,relationship,0.965101523,0.968484848,,889,889,
56,new,0.964467005,0.961818182,,775,775,
57,could,0.963832487,0.975151515,,1001,1001,
58,away,0.96319797,0.953333333,,713,713,
59,connection,0.962563452,0.924242424,0.75571066,454,454,454
60,ever,0.961928934,0.973939394,,1003,1003,
61,someone,0.961294416,0.991515152,,2328,2328,
62,going,0.960659898,0.981818182,,1283,1283,
63,moved,0.960025381,0.934545455,,525,525,
64,made,0.959390863,0.960606061,,761,761,
65,hate,0.958756345,0.955151515,,737,737,
66,end,0.958121827,0.964848485,,836,836,
67,something,0.95748731,0.976969697,,1060,1060,
68,friends feel,0.956852792,0.775151515,0.984771574,132,132,132
69,leave,0.956218274,0.926666667,,477,477,
70,pandemic,0.955583756,,0.991116751,108,,108
71,ago,0.954949239,0.924848485,,470,470,
72,good,0.954314721,0.980606061,,1162,1162,
73,point,0.953680203,0.948484848,,661,661,
74,things,0.953045685,0.985454545,,1541,1541,
75,actually,0.952411168,0.944242424,,637,637,
76,anyone,0.95177665,0.987878788,,1840,1840,
77,high school,0.951142132,0.857575758,0.893401015,237,237,237
78,started,0.950507614,0.973333333,,1022,1022,
79,kids,0.949873096,0.865454545,0.861675127,263,263,263
80,two,0.949238579,0.91030303,,417,417,
81,almost,0.948604061,0.918181818,,450,450,
82,anxiety,0.947969543,0.900606061,0.758248731,366,366,366
83,high,0.947335025,0.885454545,0.777284264,336,336,336
84,way,0.946700508,0.976363636,,1072,1072,
85,miss,0.94606599,0.923636364,,471,471,
86,interaction,0.945431472,0.858181818,0.875,241,241,241
87,college,0.944796954,0.896969697,0.758883249,357,357,357
88,lonelyi,0.944162437,,1,58,,58
89,worse,0.943527919,0.895757576,,360,360,
90,think,0.942893401,0.986666667,,1713,1713,
91,anything,0.942258883,0.974545455,,1048,1048,
92,isolated,0.941624365,0.867272727,0.817258883,275,275,275
93,job,0.940989848,0.907272727,,403,403,
94,nothing,0.94035533,0.956363636,,781,781,
95,seems,0.939720812,0.955757576,,779,779,
96,though,0.939086294,0.930909091,,540,540,
97,many,0.938451777,0.943636364,,653,653,
98,already,0.937817259,0.883636364,,332,332,
99,due,0.937182741,0.842424242,0.868020305,216,216,216
100,spend,0.936548223,0.909090909,,412,412,
101,hurt,0.935913706,0.935757576,,573,573,
102,friendship,0.935279188,0.907878788,,408,408,
103,real,0.93464467,0.921818182,,480,480,
104,wrong,0.934010152,0.919393939,,474,474,
105,realize,0.933375635,0.90969697,,427,427,
106,week,0.932741117,0.931515152,,545,545,
107,used,0.932106599,0.953939394,,774,774,
108,one friend,0.931472081,0.789090909,0.925126904,159,159,159
109,recently,0.930837563,0.903636364,,388,388,
110,also,0.930203046,0.957575758,,801,801,
111,guess,0.929568528,0.927272727,,509,509,
112,lot,0.92893401,0.958181818,,805,805,
113,tired,0.928299492,0.923030303,,492,492,
114,got,0.927664975,0.966060606,,939,939,
115,lost,0.927030457,0.933939394,,564,564,
116,pathetic,0.926395939,,0.944162437,133,,133
117,gone,0.925761421,0.856969697,0.784263959,256,256,256
118,cry,0.925126904,0.916969697,,466,466,
119,sometimes,0.924492386,0.935151515,,585,585,
120,mom,0.923857868,0.826060606,0.85215736,201,201,201
121,want friends,0.92322335,0.79030303,0.894035533,165,165,165
122,change,0.922588832,0.911515152,,448,448,
123,die,0.921954315,0.892121212,,376,376,
124,thought,0.921319797,0.965454545,,905,905,
125,say,0.920685279,0.975757576,,1089,1089,
126,sit,0.920050761,0.877575758,,329,329,
127,first,0.919416244,0.942424242,,665,665,
128,one talk,0.918781726,0.770909091,0.904822335,149,149,149
129,pain,0.918147208,0.88969697,,370,370,
130,past,0.91751269,0.906060606,,420,420,
131,room,0.916878173,0.833939394,0.799492386,216,216,216
132,gotten,0.916243655,0.76969697,0.899111675,150,150,150
133,literally,0.915609137,0.878787879,,336,336,
134,best friend,0.914974619,0.872121212,,312,312,
135,sad,0.914340102,0.947272727,,703,703,
136,keep,0.913705584,0.952727273,,787,787,
137,single,0.913071066,0.887878788,,373,373,
138,years ago,0.912436548,0.815151515,0.831852792,190,190,190
139,come,0.91180203,0.954545455,,805,805,
140,online,0.911167513,0.891515152,,378,378,
141,even know,0.910532995,0.798787879,0.847715736,178,178,178
142,fucking lonely,0.909898477,,0.999365482,43,,43
143,fun,0.909263959,0.888484848,,374,374,
144,surrounded,0.908629442,,0.947335025,108,,108
145,reason,0.907994924,0.918787879,,491,491,
146,many friends,0.907360406,,0.982233503,78,,78
147,invited,0.906725888,0.809090909,0.829314721,187,187,187
148,meet,0.906091371,0.936969697,,609,609,
149,completely,0.905456853,0.887272727,,375,375,
150,friends group,0.904822335,,0.912436548,134,,134
151,went,0.904187817,0.886666667,,373,373,
152,try make,0.903553299,0.801818182,0.843908629,179,179,179
153,lonely feel,0.902918782,,0.955583756,101,,101
154,talk people,0.902284264,0.831515152,0.782994924,213,213,213
155,push,0.901649746,0.815757576,0.817893401,192,192,192
156,outside,0.901015228,0.850909091,,254,254,
157,best,0.900380711,0.947878788,,713,713,
158,conversation,0.899746193,0.928484848,,536,536,
159,happy,0.899111675,0.956969697,,823,823,
160,new friends,0.898477157,0.791515152,0.83819797,174,174,174
161,class,0.89784264,0.814545455,0.806472081,193,193,193
162,enough,0.897208122,0.915151515,,477,477,
163,makes feel,0.896573604,0.895151515,,390,390,
164,usually,0.895939086,0.861212121,,278,278,
165,closest,0.895304569,,0.975888325,76,,76
166,honestly,0.894670051,0.870909091,,307,307,
167,either,0.894035533,0.890909091,,384,384,
168,last year,0.893401015,0.777575758,0.850253807,163,163,163
169,else,0.892766497,0.959393939,,837,837,
170,scared,0.89213198,0.84969697,,255,255,
171,read,0.891497462,0.929090909,,545,545,
172,turn,0.890862944,0.894545455,,392,392,
173,truly,0.890228426,0.835757576,,225,225,
174,would,0.889593909,0.983030303,,1478,1478,
175,even though,0.888959391,0.855757576,,267,267,
176,try talk,0.888324873,,0.949238579,94,,94
177,covid,0.887690355,,0.874365482,142,,142
178,weird,0.887055838,0.860606061,,281,281,
179,social life,0.88642132,,0.965101523,83,,83
180,brother,0.885786802,,0.911167513,120,,120
181,spend time,0.885152284,0.779393939,0.826142132,167,167,167
182,barely,0.884517766,0.797575758,0.796319797,182,182,182
183,whole,0.883883249,0.879393939,,347,347,
184,call,0.883248731,0.921212121,,514,514,
185,three,0.882614213,,0.89213198,127,,127
186,lost friends,0.881979695,,0.987944162,58,,58
187,never really,0.881345178,,0.895304569,125,,125
188,everyone else,0.88071066,,0.905456853,119,,119
189,came,0.880076142,0.825454545,,213,213,
190,friends school,0.879441624,,0.996192893,46,,46
191,alonei,0.878807107,,0.995558376,46,,46
192,self,0.878172589,0.863636364,,293,293,
193,real friends,0.877538071,,0.961928934,81,,81
194,sick,0.876903553,0.804848485,0.763959391,191,191,191
195,two years,0.876269036,,0.958756345,83,,83
196,without,0.875634518,0.917575758,,495,495,
197,plans,0.875,0.843030303,,246,246,
198,yet,0.874365482,0.88,,354,354,
199,except,0.873730964,0.771515152,0.815989848,160,160,160
200,city,0.873096447,,0.885786802,123,,123
201,exist,0.872461929,0.838787879,,240,240,
202,birthday,0.871827411,0.824848485,,216,216,
203,least,0.871192893,0.898181818,,410,410,
204,lonely even,0.870558376,,0.975253807,65,,65
205,next,0.869923858,0.864848485,,303,303,
206,lose,0.86928934,0.863030303,,294,294,
207,able,0.868654822,0.897575758,,406,406,
208,party,0.868020305,0.807878788,,197,197,
209,well,0.867385787,0.937575758,,631,631,
210,empty,0.866751269,0.846666667,,254,254,
211,right,0.866116751,0.951515152,,777,777,
212,sucks,0.865482234,0.873939394,,340,340,
213,friends even,0.864847716,,0.899746193,110,,110
214,friends really,0.864213198,,0.964467005,73,,73
215,know anymore,0.86357868,,0.952411168,79,,79
216,spent,0.862944162,0.800606061,,190,190,
217,probably,0.862309645,0.916363636,,496,496,
218,another,0.861675127,0.92,,520,520,
219,none,0.861040609,,0.819796954,146,,146
220,second,0.860406091,0.786060606,0.759517766,178,178,178
221,back home,0.859771574,,0.977791878,59,,59
222,like one,0.859137056,0.762424242,0.790609137,157,157,157
223,sorry,0.858502538,0.880606061,,362,362,
224,maybe,0.85786802,0.939393939,,676,676,
225,ever since,0.857233503,,0.932106599,86,,86
226,abusive,0.856598985,,0.807106599,147,,147
227,hours,0.855964467,0.875757576,,349,349,
228,friends family,0.855329949,,0.890228426,108,,108
229,currently,0.854695431,0.811515152,,203,203,
230,girlfriend,0.854060914,0.86969697,,320,320,
231,still feel,0.853426396,,0.788071066,152,,152
232,connect people,0.852791878,,0.947969543,75,,75
233,put,0.85215736,0.912121212,,486,486,
234,childhood,0.851522843,,0.94606599,77,,77
235,university,0.850888325,,0.793781726,148,,148
236,stuck,0.850253807,0.796969697,,191,191,
237,find,0.849619289,0.96969697,,1038,1038,
238,feel empty,0.848984772,,0.927664975,85,,85
239,want someone,0.848350254,0.853333333,,278,278,
240,new people,0.847715736,,0.814720812,138,,138
241,everyone know,0.847081218,,0.990482234,44,,44
242,anyway,0.846446701,0.876969697,,354,354,
243,couple,0.845812183,0.866060606,,313,313,
244,social interaction,0.845177665,,0.987309645,46,,46
245,whenever,0.844543147,0.78969697,,186,186,
246,struggling,0.843908629,0.843636364,,257,257,
247,fucking,0.843274112,0.944848485,,729,729,
248,age,0.842639594,0.868484848,,321,321,
249,country,0.842005076,,0.771573604,150,,150
250,introvert,0.841370558,,0.820431472,129,,129
251,take,0.840736041,0.945454545,,738,738,
252,everything,0.840101523,0.946666667,,738,738,
253,life even,0.839467005,,0.989213198,43,,43
254,surrounded people,0.838832487,,0.979060914,52,,52
255,friends since,0.83819797,,0.978426396,52,,52
256,months ago,0.837563452,,0.834390863,121,,121
257,feel loneliness,0.836928934,,0.948604061,69,,69
258,make new,0.836294416,,0.848984772,115,,115
259,problems,0.835659898,0.901818182,,430,430,
260,nobody talk,0.835025381,,0.986040609,45,,45
261,ask,0.834390863,0.940606061,,693,693,
262,become,0.833756345,0.889090909,,402,402,
263,sister,0.833121827,,0.871827411,103,,103
264,felt lonely,0.83248731,,0.965736041,58,,58
265,need something,0.831852792,,0.997461929,33,,33
266,text,0.831218274,0.910909091,,488,488,
267,act,0.830583756,0.784848485,,182,182,
268,felt like,0.829949239,0.78,,180,180,
269,lately,0.829314721,0.866666667,,320,320,
270,half,0.828680203,,0.789340102,133,,133
271,show,0.828045685,0.869090909,,325,325,
272,pretty,0.827411168,0.914545455,,507,507,
273,consider,0.82677665,0.785454545,,185,185,
274,friends one,0.826142132,,0.880076142,96,,96
275,friends still,0.825507614,,0.967005076,55,,55
276,really talk,0.824873096,,0.966370558,55,,55
277,ignored,0.824238579,0.832727273,,234,234,
278,feel really,0.823604061,,0.809010152,123,,123
279,relate,0.822969543,0.820606061,,223,223,
280,damn,0.822335025,,0.766497462,140,,140
281,growing,0.821700508,0.767272727,,168,168,
282,issues,0.82106599,0.856363636,,289,289,
283,kind,0.820431472,0.913939394,,508,508,
284,middle,0.819796954,,0.825507614,115,,115
285,constantly,0.819162437,0.799393939,,199,199,
286,reach,0.818527919,0.848484848,,271,271,
287,lonely really,0.817893401,,0.998730964,27,,27
288,house,0.817258883,0.851515152,,278,278,
289,lack,0.816624365,,,149,,
290,dad,0.815989848,,0.778553299,132,,132
291,afraid,0.81535533,0.783636364,,184,184,
292,friends talk,0.814720812,,0.753807107,145,,145
293,somewhere,0.814086294,,0.78680203,128,,128
294,cause,0.813451777,0.867878788,,327,327,
295,would make,0.812817259,,0.973984772,50,,50
296,good friends,0.812182741,,0.757614213,143,,143
297,one ever,0.811548223,,0.881979695,91,,91
298,see people,0.810913706,,0.882614213,91,,91
299,like always,0.810279188,,0.907360406,81,,81
300,incredibly,0.80964467,,0.900380711,83,,83
301,old,0.809010152,0.913333333,,508,508,
302,junior,0.808375635,,0.998096447,29,,29
303,crave,0.807741117,,0.812817259,116,,116
304,desperate,0.807106599,,,150,,
305,ghosted,0.806472081,0.784242424,,185,185,
306,tell,0.805837563,0.949090909,,771,771,
307,blame,0.805203046,,0.833756345,106,,106
308,stay,0.804568528,0.901212121,,435,435,
309,hobbies,0.80393401,,,157,,
310,inside,0.803299492,0.830909091,,237,237,
311,boyfriend,0.802664975,0.821212121,,228,228,
312,friends like,0.802030457,,0.851522843,100,,100
313,wish someone,0.801395939,,0.746827411,140,,140
314,close friends,0.800761421,0.761818182,,166,166,
315,meet new,0.800126904,,0.859137056,96,,96
316,genuinely,0.799492386,0.844242424,,265,265,
317,understand,0.798857868,0.915757576,,513,513,
318,side,0.79822335,0.780606061,,184,184,
319,happened,0.797588832,0.92969697,,601,601,
320,everyday,0.796954315,0.837575758,,254,254,
321,fault,0.796319797,,0.763324873,130,,130
322,really know,0.795685279,,0.810279188,111,,111
323,slowly,0.795050761,,,143,,
324,uni,0.794416244,,0.981598985,42,,42
325,never felt,0.793781726,,0.822969543,105,,105
326,alone day,0.793147208,,0.996827411,28,,28
327,games,0.79251269,0.904242424,,445,445,
328,busy,0.791878173,0.829090909,,239,239,
329,play,0.791243655,0.905454545,,462,462,
330,form,0.790609137,,0.776649746,120,,120
331,grade,0.789974619,,0.856598985,93,,93
332,one wants,0.789340102,,0.864847716,89,,89
333,really lonely,0.788705584,,0.921319797,67,,67
334,lonely want,0.788071066,,0.919416244,67,,67
335,failed,0.787436548,,0.751903553,131,,131
336,video games,0.78680203,,0.753172589,131,,131
337,family friends,0.786167513,,0.903553299,75,,75
338,friends people,0.785532995,,0.902284264,75,,75
339,nice,0.784898477,0.896363636,,427,427,
340,social anxiety,0.784263959,,0.794416244,112,,112
341,rely,0.783629442,,0.959390863,52,,52
342,place,0.782994924,0.904848485,,457,457,
343,lonely know,0.782360406,,0.976522843,41,,41
344,middle school,0.781725888,,0.97715736,41,,41
345,several,0.781091371,,,145,,
346,forgotten,0.780456853,,0.943527919,58,,58
347,made friends,0.779822335,,0.942258883,58,,58
348,live alone,0.779187817,,0.942893401,58,,58
349,highschool,0.778553299,,0.933375635,60,,60
350,hangout,0.777918782,,0.932741117,60,,60
351,besides,0.777284264,,0.85786802,88,,88
352,kinda,0.776649746,0.847272727,,276,276,
353,years feel,0.776015228,,0.972081218,43,,43
354,long,0.775380711,0.94969697,,799,799,
355,stop,0.774746193,0.927878788,,581,581,
356,hit,0.774111675,0.85030303,,284,284,
357,worthless,0.773477157,,0.81535533,99,,99
358,really alone,0.77284264,,0.993654822,29,,29
359,people school,0.772208122,,0.992385787,29,,29
360,realize lonely,0.771573604,,0.993020305,29,,29
361,incredibly lonely,0.770939086,,0.991751269,29,,29
362,far,0.770304569,0.838181818,,259,259,
363,many people,0.769670051,,,142,,
364,friends make,0.769035533,,0.979695431,38,,38
365,past years,0.768401015,,0.833121827,91,,91
366,call friend,0.767766497,,0.945431472,53,,53
367,drive,0.76713198,,,140,,
368,fear,0.766497462,,,140,,
369,play video,0.765862944,,0.845177665,87,,87
370,people feel,0.765228426,,0.773477157,110,,110
371,human connection,0.764593909,,0.989847716,31,,31
372,annoying,0.763959391,,,136,,
373,entire,0.763324873,0.813333333,,221,221,
374,soon,0.762690355,0.812727273,,221,221,
375,extremely,0.762055838,0.819393939,,228,228,
376,bad,0.76142132,0.938787879,,678,678,
377,friends back,0.760786802,,0.994923858,26,,26
378,miss friends,0.760152284,,0.99428934,26,,26
379,friends moved,0.759517766,,0.985406091,33,,33
380,always one,0.758883249,,0.963832487,44,,44
381,even friends,0.758248731,,0.960025381,46,,46
382,people around,0.757614213,,0.819162437,92,,92
383,want spend,0.756979695,,0.98286802,35,,35
384,basically,0.756345178,0.834545455,,252,252,
385,people talk,0.75571066,0.767878788,,177,177,
386,every single,0.755076142,,0.835659898,84,,84
387,like feel,0.754441624,,0.842639594,84,,84
388,mother,0.753807107,,0.769670051,105,,105
389,super,0.753172589,0.783030303,,193,193,
390,even try,0.752538071,,0.854060914,80,,80
391,lonely depressed,0.751903553,,0.974619289,37,,37
392,awkward,0.751269036,,,155,,
393,enjoy,0.750634518,0.881212121,,392,392,
394,mental,0.75,0.875151515,,373,373,
395,terrible,0.749365482,,,129,,
396,low,0.748730964,,,129,,
397,connection someone,0.748096447,,0.970177665,39,,39
398,fine,0.747461929,0.794545455,,205,205,
399,move back,0.746827411,,0.986675127,30,,30
400,love,,0.982424242,,,1548,
401,need,,0.979393939,,,1318,
402,looking,,0.97030303,,,1204,
403,help,,0.958787879,,,930,
404,hope,,0.952121212,,,864,
405,better,,0.941818182,,,735,
406,girl,,0.938181818,,,763,
407,give,,0.936363636,,,722,
408,interested,,0.933333333,,,659,
409,guy,,0.932727273,,,721,
410,post,,0.932121212,,,691,
411,night,,0.922424242,,,565,
412,little,,0.912727273,,,529,
413,mind,,0.908484848,,,516,
414,shit,,0.906666667,,,487,
415,let,,0.903030303,,,495,
416,dating,,0.9,,,473,
417,said,,0.899393939,,,456,
418,different,,0.898787879,,,451,
419,world,,0.893939394,,,448,
420,mean,,0.893333333,,,465,
421,message,,0.892727273,,,481,
422,sure,,0.89030303,,,457,
423,told,,0.886060606,,,436,
424,thanks,,0.884242424,,,445,
425,dont,,0.883030303,,,412,
426,sleep,,0.882424242,,,403,
427,together,,0.881818182,,,421,
428,share,,0.878181818,,,438,
429,matter,,0.876363636,,,389,
430,stuff,,0.874545455,,,382,
431,part,,0.873333333,,,378,
432,today,,0.872727273,,,420,
433,emotional,,0.871515152,,,385,
434,great,,0.87030303,,,402,
435,bit,,0.864242424,,,398,
436,watch,,0.862424242,,,387,
437,bored,,0.861818182,,,317,
438,chat,,0.86,,,471,
439,found,,0.859393939,,,330,
440,listen,,0.858787879,,,385,
441,wanna,,0.855151515,,,431,
442,want talk,,0.854545455,,,305,
443,vent,,0.853939394,,,312,
444,human,,0.852727273,,,306,
445,might,,0.852121212,,,365,
446,break,,0.849090909,,,291,
447,idk,,0.847878788,,,316,
448,head,,0.846060606,,,291,
449,fact,,0.845454545,,,282,
450,experience,,0.844848485,,,303,
451,less,,0.841818182,,,284,
452,gonna,,0.841212121,,,280,
453,wonder,,0.840606061,,,307,
454,heart,,0.84,,,312,
455,someone talk,,0.839393939,,,307,
456,situation,,0.836969697,,,288,
457,normal,,0.836363636,,,282,
458,done,,0.835151515,,,321,
459,open,,0.833333333,,,314,
460,comfortable,,0.832121212,,,263,
461,moment,,0.83030303,,,261,
462,especially,,0.82969697,,,263,
463,quite,,0.828484848,,,272,
464,hear,,0.827878788,,,277,
465,speak,,0.827272727,,,252,
466,years old,,0.826666667,,,263,
467,please,,0.824242424,,,374,
468,hold,,0.823636364,,,277,
469,decided,,0.823030303,,,250,
470,finally,,0.822424242,,,266,
471,video,,0.821818182,,,258,
472,walk,,0.82,,,246,
473,met,,0.818787879,,,295,
474,accept,,0.818181818,,,235,
475,anyone else,,0.817575758,,,302,
476,contact,,0.816969697,,,232,
477,hug,,0.816363636,,,268,
478,learn,,0.813939394,,,226,
479,suicide,,0.812121212,,,230,
480,remember,,0.810909091,,,260,
481,waiting,,0.81030303,,,239,
482,man,,0.80969697,,,260,
483,believe,,0.808484848,,,267,
484,knew,,0.807272727,,,236,
485,often,,0.806666667,,,243,
486,stupid,,0.806060606,,,225,
487,fall,,0.805454545,,,263,
488,support,,0.804242424,,,261,
489,bed,,0.803636364,,,235,
490,deal,,0.803030303,,,222,
491,chance,,0.802424242,,,221,
492,type,,0.801212121,,,254,
493,write,,0.8,,,221,
494,phone,,0.798181818,,,220,
495,supposed,,0.796363636,,,217,
496,apart,,0.795757576,,,215,
497,advice,,0.795151515,,,247,
498,etc,,0.793939394,,,236,
499,whatever,,0.793333333,,,228,
500,broke,,0.792727273,,,214,
501,physical,,0.792121212,,,211,
502,eat,,0.790909091,,,201,
503,small,,0.788484848,,,210,
504,cant,,0.787878788,,,224,
505,sense,,0.787272727,,,223,
506,worry,,0.786666667,,,209,
507,sound,,0.782424242,,,232,
508,reddit,,0.781818182,,,233,
509,expect,,0.781212121,,,204,
510,absolutely,,0.778787879,,,196,
511,worst,,0.778181818,,,190,
512,bother,,0.776969697,,,198,
513,longer,,0.776363636,,,187,
514,mostly,,0.775757576,,,224,
515,big,,0.774545455,,,202,
516,noticed,,0.773939394,,,187,
517,wish could,,0.773333333,,,185,
518,laugh,,0.772727273,,,195,
519,wake,,0.772121212,,,191,
520,okay,,0.77030303,,,201,
521,words,,0.769090909,,,231,
522,TRUE,,0.768484848,,,197,
523,idea,,0.766666667,,,244,
524,deep,,0.766060606,,,184,
525,every day,,0.765454545,,,182,
526,possible,,0.764848485,,,211,
527,health,,0.764242424,,,205,
528,effort,,0.763636364,,,174,
529,pass,,0.763030303,,,192,
530,hell,,0.761212121,,,181,
531,face,,0.760606061,,,185,
532,partner,,0.76,,,173,
533,really want,,0.759393939,,,174,
534,attention,,0.758787879,,,187,
535,seen,,0.758181818,,,199,
536,able make,,,0.98857868,,,27
537,true friends,,,0.984137056,,,28
538,talk try,,,0.983502538,,,28
539,talk even,,,0.980964467,,,31
540,small talk,,,0.980329949,,,31
541,friends left,,,0.973350254,,,33
542,never friends,,,0.972715736,,,33
543,extremely lonely,,,0.971446701,,,36
544,outcast,,,0.970812183,,,36
545,spend days,,,0.969543147,,,29
546,mum,,,0.968908629,,,29
547,friends relationships,,,0.968274112,,,32
548,friends seem,,,0.967639594,,,32
549,feel fucking,,,0.96319797,,,31
550,wish friends,,,0.962563452,,,40
551,really close,,,0.961294416,,,40
552,moved away,,,0.960659898,,,43
553,interact people,,,0.958121827,,,30
554,also want,,,0.95748731,,,30
555,friends think,,,0.956852792,,,30
556,single day,,,0.956218274,,,33
557,ridiculous,,,0.954949239,,,36
558,two friends,,,0.954314721,,,36
559,lonely one,,,0.953680203,,,39
560,awhile,,,0.953045685,,,39
561,time one,,,0.95177665,,,39
562,care much,,,0.951142132,,,39
563,friends online,,,0.950507614,,,42
564,closest friends,,,0.949873096,,,42
565,even make,,,0.946700508,,,38
566,people hang,,,0.944796954,,,32
567,esteem,,,0.941624365,,,49
568,live like,,,0.940989848,,,43
569,friends live,,,0.94035533,,,40
570,friends hang,,,0.939720812,,,40
571,attend,,,0.939086294,,,37
572,anytime,,,0.938451777,,,34
573,single person,,,0.937817259,,,34
574,staring,,,0.937182741,,,34
575,like nobody,,,0.936548223,,,34
576,get good,,,0.935913706,,,31
577,would talk,,,0.935279188,,,31
578,friends used,,,0.93464467,,,31
579,nobody cares,,,0.934010152,,,31
580,one else,,,0.931472081,,,51
581,make plans,,,0.930837563,,,48
582,hard make,,,0.930203046,,,48
583,lonely time,,,0.929568528,,,45
584,hardly,,,0.92893401,,,42
585,like missing,,,0.928299492,,,42
586,always felt,,,0.927030457,,,39
587,almost every,,,0.926395939,,,39
588,past months,,,0.925761421,,,39
589,yet still,,,0.924492386,,,36
590,get close,,,0.923857868,,,36
591,lonely friends,,,0.92322335,,,36
592,invisible,,,0.922588832,,,50
593,inevitable,,,0.921954315,,,33
594,human interaction,,,0.920685279,,,33
595,outgoing,,,0.920050761,,,33
596,like much,,,0.918781726,,,33
597,self esteem,,,0.918147208,,,47
598,people age,,,0.91751269,,,41
599,someone get,,,0.916878173,,,41
600,hard get,,,0.916243655,,,41
601,day feel,,,0.915609137,,,55
602,get invited,,,0.914340102,,,38
603,friendsi,,,0.913705584,,,38
604,alone know,,,0.91180203,,,43
605,settle,,,0.910532995,,,32
606,want happy,,,0.909898477,,,32
607,feel extremely,,,0.909263959,,,32
608,almost years,,,0.908629442,,,51
609,eachother,,,0.906725888,,,40
610,aside,,,0.906091371,,,40
611,even care,,,0.904187817,,,37
612,consumed,,,0.902918782,,,37
613,talk anymore,,,0.901649746,,,37
614,friends friends,,,0.901015228,,,56
615,panic attacks,,,0.898477157,,,34
616,companionship,,,0.89784264,,,34
617,alone even,,,0.897208122,,,34
618,first place,,,0.896573604,,,34
619,want people,,,0.892766497,,,47
620,stick,,,0.891497462,,,63
621,one even,,,0.890862944,,,39
622,really hard,,,0.889593909,,,60
623,even feel,,,0.888959391,,,52
624,diagnosed,,,0.888324873,,,52
625,basis,,,0.887690355,,,36
626,get wrong,,,0.887055838,,,36
627,acquaintances,,,0.88642132,,,65
628,classmates,,,0.885152284,,,57
629,person talk,,,0.884517766,,,49
630,caught,,,0.883883249,,,49
631,moved new,,,0.883248731,,,49
632,people try,,,0.881345178,,,41
633,get lonely,,,0.88071066,,,41
634,clubs,,,0.879441624,,,54
635,life friends,,,0.878807107,,,33
636,matter much,,,0.878172589,,,33
637,left alone,,,0.877538071,,,33
638,deeper,,,0.876903553,,,46
639,alone want,,,0.876269036,,,46
640,unwanted,,,0.875634518,,,46
641,separate,,,0.873730964,,,51
642,sad lonely,,,0.873096447,,,51
643,way feel,,,0.872461929,,,38
644,bar,,,0.871192893,,,56
645,always try,,,0.870558376,,,43
646,fairly,,,0.869923858,,,43
647,never talk,,,0.86928934,,,43
648,coworkers,,,0.868654822,,,61
649,say something,,,0.867385787,,,48
650,someone could,,,0.866751269,,,48
651,dislike,,,0.866116751,,,48
652,think ever,,,0.865482234,,,53
653,overall,,,0.864213198,,,35
654,trapped,,,0.86357868,,,53
655,twice,,,0.862309645,,,58
656,always end,,,0.861040609,,,40
657,try hard,,,0.860406091,,,63
658,couple years,,,0.859771574,,,45
659,leave house,,,0.858502538,,,50
660,one cares,,,0.857233503,,,60
661,want die,,,0.855964467,,,70
662,say anything,,,0.855329949,,,37
663,like alone,,,0.854695431,,,37
664,hate feeling,,,0.853426396,,,47
665,perhaps,,,0.852791878,,,47
666,siblings,,,0.850888325,,,52
667,occasionally,,,0.848350254,,,57
668,around people,,,0.847081218,,,72
669,embarrassing,,,0.846446701,,,77
670,feel pretty,,,0.843274112,,,34
671,alone time,,,0.842005076,,,49
672,anyone know,,,0.841370558,,,39
673,years life,,,0.840736041,,,39
674,lonely like,,,0.840101523,,,44
675,someone even,,,0.839467005,,,34
676,try keep,,,0.838832487,,,34
677,senior,,,0.837563452,,,44
678,want hang,,,0.836928934,,,44
679,weed,,,0.836294416,,,34
680,friends also,,,0.835025381,,,39
681,bullied,,,0.83248731,,,71
682,people life,,,0.831218274,,,61
683,time get,,,0.830583756,,,56
684,much longer,,,0.829949239,,,46
685,starved,,,0.828680203,,,46
686,alien,,,0.828045685,,,41
687,really care,,,0.827411168,,,83
688,every night,,,0.82677665,,,83
689,slip,,,0.824873096,,,36
690,couple months,,,0.824238579,,,36
691,wall,,,0.822335025,,,58
692,friends never,,,0.82106599,,,80
693,get really,,,0.818527919,,,43
694,friends know,,,0.816624365,,,60
695,nobody want,,,0.814086294,,,38
696,ever felt,,,0.813451777,,,38
697,felt alone,,,0.812182741,,,38
698,unlovable,,,0.811548223,,,38
699,everytime,,,0.810913706,,,77
700,talk one,,,0.80964467,,,55
701,time life,,,0.808375635,,,50
702,far away,,,0.807741117,,,50
703,online friends,,,0.805837563,,,79
704,fade,,,0.805203046,,,62
705,want around,,,0.804568528,,,45
706,disappear,,,0.80393401,,,91
707,hurts much,,,0.803299492,,,45
708,drifting,,,0.802664975,,,69
709,led,,,0.802030457,,,40
710,hate life,,,0.801395939,,,40
711,five,,,0.800761421,,,40
712,loneliness feel,,,0.800126904,,,40
713,disconnected,,,0.798857868,,,52
714,wear,,,0.79822335,,,52
715,hope get,,,0.797588832,,,52
716,know get,,,0.796954315,,,52
717,know much,,,0.795685279,,,64
718,anyone talk,,,0.795050761,,,76
719,whole life,,,0.793147208,,,83
720,nowhere,,,0.79251269,,,71
721,hospital,,,0.791878173,,,35
722,shut,,,0.791243655,,,78
723,lot friends,,,0.789974619,,,66
724,old friends,,,0.788705584,,,54
725,lonely sad,,,0.787436548,,,42
726,one really,,,0.786167513,,,49
727,schedule,,,0.785532995,,,49
728,group people,,,0.784898477,,,49
729,feel even,,,0.783629442,,,68
730,next year,,,0.782360406,,,37
731,people never,,,0.781725888,,,37
732,teenage,,,0.781091371,,,56
733,entire life,,,0.780456853,,,75
734,really feel,,,0.779822335,,,75
735,clearly,,,0.779187817,,,37
736,child,,,0.775380711,,,89
737,circle,,,0.774746193,,,70
738,alone feel,,,0.774111675,,,77
739,distant,,,0.77284264,,,58
740,get chest,,,0.772208122,,,58
741,abandoned,,,0.770304569,,,65
742,loser,,,0.769035533,,,79
743,anything else,,,0.768401015,,,39
744,socially awkward,,,0.767766497,,,39
745,therapy,,,0.76713198,,,86
746,want live,,,0.765862944,,,46
747,come home,,,0.765228426,,,53
748,lunch,,,0.764593909,,,60
749,degree,,,0.762690355,,,48
750,school friends,,,0.762055838,,,41
751,panic,,,0.76142132,,,48
752,friends always,,,0.760786802,,,62
753,really friends,,,0.760152284,,,55
754,like everyone,,,0.756979695,,,71
755,grew,,,0.756345178,,,71
756,distance,,,0.755076142,,,108
757,acknowledge,,,0.754441624,,,50
758,fat,,,0.752538071,,,43
759,one know,,,0.751269036,,,43
760,group friends,,,0.750634518,,,87
761,couple weeks,,,0.749365482,,,36
762,time really,,,0.748730964,,,36
763,like really,,,0.748096447,,,73
764,people know,,,0.747461929,,,73
