feel,1.0,3918
friends,0.998731367079801,3211
like,0.997463539385194,3598
lonely,0.9955632069880698,2228
want,0.9949298970599603,3029
people,0.994297392357443,2730
one,0.9917681787729651,2378
know,0.9917681787729651,2583
talk,0.9898734829549847,2587
even,0.9879803975881882,2169
get,0.9879803975881882,2500
alone,0.9854592362596306,1805
time,0.9854592362596306,2223
make,0.9835705796335902,2021
really,0.9816835334587338,2041
someone,0.9810546522713803,2328
life,0.9804265763096188,2041
years,0.9785427510371305,1694
feel like,0.9772878069519958,1680
never,0.9760336680924528,1727
try,0.9741538689479244,1648
anyone,0.9741538689479244,1840
think,0.9722760828673761,1713
day,0.9710251649102012,1550
much,0.9691501971192249,1377
things,0.9691501971192249,1541
always,0.9672772423922287,1310
person,0.9660295453374218,1347
would,0.9647826535082069,1478
going,0.9629137249091705,1283
love,0.9629137249091705,1548
see,0.9604247726042928,1142
live,0.9598027358344714,1032
good,0.9591815042902421,1162
still,0.9566973833389163,1045
care,0.9554565307016414,1035
need,0.9554557254760494,1318
work,0.9542164832899585,1052
something,0.9523580226236181,1060
way,0.950501172408462,1072
could,0.9480283246154243,1001
ever,0.9467931085572934,1003
family,0.9467882772037415,808
everyone,0.94617429268984,939
anything,0.9449414923084851,1048
say,0.9449354531165451,1089
started,0.9437082893143344,1022
since,0.9406291066505192,853
loneliness,0.9406242752969671,730
back,0.9400135116854338,952
school,0.9350972068334665,743
find,0.9350972068334665,1038
every,0.9344852353835451,855
relationship,0.9344852353835451,889
social,0.9338704456440516,793
looking,0.9326360348115128,1204
got,0.9308085753304646,939
end,0.9283614947563709,836
hard,0.9283606895307789,771
wish,0.9265279960833828,794
thought,0.9265267882449948,905
around,0.9246969130871706,782
anymore,0.9228674405421423,761
new,0.9216487316086475,775
last,0.9204308279007446,758
depression,0.9192137294184338,725
made,0.917997436161715,761
lot,0.9149601252286841,805
also,0.9143529851323147,801
else,0.9131366918755959,837
nothing,0.911927645649205,781
hate,0.9119216064572652,737
seems,0.9107161837460382,779
happy,0.9101102514880569,823
help,0.9088927503929501,930
away,0.9076889381329073,713
come,0.90708662939009,805
used,0.9064827101960886,774
keep,0.904067838645675,787
felt,0.9004515705119946,662
months,0.9004507652864027,646
right,0.8992469530263598,777
hope,0.8986426312195624,864
point,0.8956411528253756,661
long,0.8956403475997835,799
home,0.8950372336313742,569
feel lonely,0.8926267908217166,518
best,0.8920409892035353,713
tell,0.8920369630755752,771
sad,0.8908428135226365,703
actually,0.8890463552268804,637
everything,0.8872515073823082,738
left,0.8866463803499188,558
take,0.8860565526037776,738
many,0.8848648187276147,653
fucking,0.8848624030508387,729
close,0.8830715813342266,561
first,0.881882665747636,665
better,0.8806913344842692,735
ask,0.8783114902471076,693
maybe,0.8771225746605168,676
bad,0.8723713410549099,678
meet,0.8717823185343606,609
hurt,0.8717815133087686,573
well,0.8717815133087686,631
moved,0.8711864515962792,525
sometimes,0.8700055882656085,585
hang,0.8688082178103017,467
girl,0.8682191952897523,763
give,0.8676337962843671,722
lost,0.8670492025045736,564
week,0.8629167847664202,545
though,0.86291477170244,540
interested,0.8605606946842227,659
make friends,0.857609542889536,412
post,0.857609542889536,691
happened,0.8564459919090932,601
guy,0.8564242508181092,721
leave,0.8558561641629518,477
group,0.8552647259656264,450
read,0.8535097367878585,545
guess,0.8529271560720452,509
conversation,0.8523377309386998,536
connection,0.8523349126491279,454
ago,0.8511685433791131,470
stop,0.8488201029400396,581
nobody,0.8482286647427144,422
miss,0.8464934035919504,471
tired,0.8453262290963436,492
real,0.8429938931691102,480
call,0.8412465536344662,514
wrong,0.8395020323893942,474
night,0.8394959931974542,565
almost,0.8389186464479887,450
another,0.8383396892473396,520
reason,0.8377591215955063,491
cry,0.8354376562137648,466
without,0.8336987715478368,495
enough,0.8313825401324435,477
probably,0.8313825401324435,496
pretty,0.8284925854827488,507
understand,0.8284901698059728,513
kind,0.8273378919838181,508
two,0.8261759514545596,417
change,0.8256038386714422,448
old,0.8250301154371409,508
put,0.8233025039295009,486
little,0.8233012960911128,529
realize,0.8221502261073462,427
text,0.8215756976474529,488
spend,0.8187034579607823,412
job,0.8169818856450823,403
friendship,0.8158352444020718,408
past,0.8135443775928264,420
shit,0.8118268314050864,487
mind,0.8118183765363703,516
play,0.8112567316859491,462
parents,0.8106789823236878,335
recently,0.8095416011749852,388
place,0.8078288863407972,457
anxiety,0.8078232497616532,366
games,0.80554929268984,445
problems,0.8032745303924347,430
college,0.8015557763663068,357
least,0.8010021837718055,410
stay,0.8009997680950295,435
worse,0.8004200056687881,360
let,0.7975542077868535,495
able,0.7964655427864671,406
makes feel,0.7941996379705739,390
die,0.7930594385322992,376
turn,0.7919393697338246,392
different,0.7919248756731687,451
said,0.790783871009302,456
nice,0.7896726596923395,427
online,0.7891174566466541,378
dating,0.789095312942874,473
feel alone,0.7884841467185446,301
either,0.7879905434306476,384
pain,0.7863003749130356,370
single,0.785175474761009,373
high,0.7845924914323997,336
world,0.7840441328042465,448
mean,0.7840336648715505,465
completely,0.7834909428225412,375
fun,0.7834881245329691,374
message,0.781235103326548,481
went,0.7795654680615322,373
become,0.7784478149398335,402
sure,0.7784397626839136,457
already,0.7739731763250792,332
told,0.773417168053802,436
sleep,0.7672889986858717,403
thanks,0.7672833621067278,445
sorry,0.7667354060913706,362
yet,0.7667341982529826,354
literally,0.7667293668994305,336
enjoy,0.7661802030456852,392
dont,0.7661777873689093,412
whole,0.7650689917287227,347
sit,0.7650617446983947,329
together,0.7633993564637069,421
anyway,0.7600826322502513,354
hours,0.7584234649179314,349
matter,0.7562147311190702,389
mental,0.755663956814141,373
sucks,0.755662346362957,340
share,0.7551002988997397,438
stuff,0.7540100234481693,382
best friend,0.753455625628076,312
honestly,0.7496086603622871,307
part,0.7496062446855111,378
girlfriend,0.7468640489319488,320
isolated,0.7468543862248448,275
age,0.745220180885877,321
kids,0.745208102501997,263
today,0.745208102501997,420
show,0.7441250740807545,325
cause,0.743030772501224,327
lately,0.7408445850189389,320
emotional,0.7402841480069056,385
next,0.7397502834394084,303
couple,0.7392067561648071,313
great,0.7386326303177098,402
self,0.7359371376484837,293
lose,0.7343053479862919,294
usually,0.7315889194516736,278
weird,0.7305038779664511,281
interaction,0.7304942152593471,241
bit,0.7304942152593471,398
bored,0.7299611559174418,317
gone,0.7272503639619676,256
watch,0.7256145481718158,387
issues,0.7240093309541601,289
even though,0.7240073178901801,267
found,0.7240073178901801,330
want someone,0.7213130330593419,278
outside,0.7180720000515344,254
want talk,0.717009102270092,305
human,0.717009102270092,306
house,0.7164683932850627,278
scared,0.7164619514803268,255
listen,0.7158986961787215,385
vent,0.7153982484732924,312
hit,0.7116454946017676,284
chat,0.7110081585456981,471
break,0.7095068154294106,291
reach,0.7095060102038188,271
empty,0.7084334497152722,254
kinda,0.707904013888531,276
might,0.707889922440671,365
due,0.7046722409750316,216
struggling,0.7036363182509212,257
genuinely,0.70310688242418,265
plans,0.703099635393852,246
wanna,0.7030231389626117,431
head,0.7020431794171456,291
idk,0.7015060939472803,316
fact,0.700980281635703,282
experience,0.6977891726145997,303
exist,0.6977851464866397,240
gonna,0.6930347181066248,280
far,0.6925044770542915,259
everyday,0.6925020613775155,254
less,0.6925020613775155,284
truly,0.6919645732948544,225
wonder,0.6914391635960732,307
room,0.6914286956633771,216
normal,0.6856592542966837,282
someone talk,0.6851117008941225,307
basically,0.6846076296735293,252
situation,0.6835531867608029,288
heart,0.6835399005385349,312
talk people,0.6830124777757737,213
mom,0.6793289733051612,201
inside,0.67884382488598,237
ignored,0.6788381883068361,234
busy,0.6783236491535469,239
moment,0.6772752454327604,261
especially,0.6757082764307247,263
comfortable,0.6741457361694453,263
birthday,0.6736114689891519,216
came,0.673599390605272,213
done,0.6720090700610684,321
speak,0.6689492128114612,252
quite,0.6689431736195212,272
years old,0.6684282318534361,263
boyfriend,0.6678923542219588,228
hear,0.6668652889793605,277
open,0.6667964421912442,314
relate,0.6663402818933752,223
decided,0.6622199425391018,250
video,0.6606702858872942,258
years ago,0.6606392847020022,190
extremely,0.6591246553634466,228
push,0.6590892254373986,192
finally,0.6586004535030535,266
hold,0.6585907907959494,277
class,0.6585847516040093,193
walk,0.6570656935246979,246
contact,0.6550107578139092,232
accept,0.651932380375686,235
invited,0.651880040712206,187
currently,0.6498629506042413,203
entire,0.6478410291427247,221
party,0.6467837679404261,197
soon,0.6463098926795331,221
learn,0.6457989770414079,226
suicide,0.6422318276688397,230
sick,0.6417044049060785,191
hug,0.6416826638150944,268
met,0.6385575832925352,295
waiting,0.6381702697827824,239
please,0.6378352959365096,374
knew,0.6356370300703446,236
man,0.6356128733025844,260
even know,0.6355790538277204,178
try make,0.6350959184725192,179
anyone else,0.634990836532763,302
stupid,0.6346304980803422,225
remember,0.6346015099590301,260
spent,0.6341054909943571,190
constantly,0.6320992714318843,199
chance,0.6310967655698421,221
often,0.6305810185781648,243
barely,0.6305399520729728,182
deal,0.6290824937514493,222
stuck,0.6290567265325053,191
one friend,0.6264590687727073,159
believe,0.6260085450539823,267
new friends,0.624994766033652,174
want friends,0.6244645249813188,165
phone,0.6240598991213379,220
write,0.6240582886701538,221
bed,0.6235417364528846,235
fine,0.6195518436445154,205
apart,0.6190570325182303,215
supposed,0.6190570325182303,217
fall,0.618473646576825,263
whenever,0.6180190967301399,186
support,0.6149668891236569,261
physical,0.6120861945682702,211
second,0.611069597258368,178
broke,0.6101001056455977,214
eat,0.6091112886186194,201
type,0.6090448575072792,254
friends feel,0.6083761176531217,132
consider,0.6071235892447628,185
spend time,0.6056149990981473,167
whatever,0.6051173696822901,228
advice,0.604601220077817,247
act,0.6041643851941559,182
afraid,0.6026871988456287,184
etc,0.6021670231131954,236
ghosted,0.6017024079466103,185
small,0.6016991870442424,210
last year,0.6011572702208251,163
super,0.5977761279600093,193
side,0.5977712966064572,184
worry,0.5977712966064572,209
felt like,0.5977640495761293,180
sense,0.5957791684918446,223
cant,0.5948000141719705,224
expect,0.5918987863639877,204
worst,0.5904401202040764,190
one talk,0.5898897485119431,149
longer,0.5884910716586359,187
gotten,0.5884334980288077,150
absolutely,0.5880047154010667,196
bother,0.5846034425004509,198
except,0.5836081836687367,160
reddit,0.5831049176737354,233
sound,0.5826322502512303,232
wish could,0.5821805186941174,185
noticed,0.5816949676621402,187
wake,0.5802447563709449,191
laugh,0.5778298848205313,195
mostly,0.5777988836352392,224
growing,0.5768527435646371,168
big,0.5758937198845628,202
people talk,0.5754198446236698,177
like one,0.572508954108583,157
close friends,0.5701299150970136,166
okay,0.5696487928057925,201
pathetic,0.5690790956994511,133
every day,0.5687026527351903,182
true,0.5686913795769023,197
effort,0.567746849957484,174
deep,0.567267338117447,184
words,0.5647973086139814,231
still feel,0.5624742327810559,152
covid,0.5614999098147337,142
pass,0.5605835630910355,192
possible,0.5600939859310985,211
hell,0.5596446700507615,181
partner,0.5582250573320622,173
really want,0.5577495716199851,174
face,0.5577447402664331,185
health,0.5558315242598366,205
money,0.5553818057667036,171
